0,0,0,0,0,0,0,0,0,0,0,0,0,0,0,0,0,0,0,0,0,0,0,0,0,0,0,0,0,0,0,0,0,0,0,0,0,0,0,0,0,0,0,0,0,0,0,0,0,0,0,0,0,0,0,0,0,0,0,0,0,0,0,0,0,0,0,0,0,0,0,0,0,0,0,0,0,0,0,0,0,0,0,0,0,0,0,0,0,0,0,0,0,0,0,0,0,0,0,0,0,0,0,0,0,0,0,0,0,0,0,0,0,0,0,0,0,0,0,0,0,0,0,0,0,0,0,0
0,0,0,0,0,0,0,0,0,0,0,0,0,0,0,0,0,0,0,0,0,0,0,0,0,0,0,0,0,0,0,0,0,0,0,0,0,0,0,0,0,0,0,0,0,0,0,0,0,0,0,0,0,0,0,0,0,0,0,0,0,0,0,0,0,0,0,0,0,0,0,0,0,0,0,0,0,0,0,0,0,0,0,0,0,0,0,0,0,0,0,0,0,0,0,0,0,0,0,0,0,0,0,0,0,0,0,0,0,0,0,0,0,0,0,0,0,0,0,0,0,0,0,0,0,0,0,0
0,0,0,0,0,0,0,0,0,0,0,0,0,0,0,0,0,0,0,0,0,0,0,0,0,0,0,0,0,0,0,0,0,0,0,0,0,0,0,0,0,0,0,0,0,0,0,0,0,0,0,0,0,0,0,0,0,0,0,0,0,0,0,0,0,0,0,0,0,0,0,0,0,0,0,0,0,0,0,0,0,0,0,0,0,0,0,0,0,0,0,0,0,0,0,0,0,0,0,0,0,0,0,0,0,0,0,0,0,0,0,0,0,0,0,0,0,0,0,0,0,0,0,0,0,0,0,0
0,0,0,0,0,0,0,0,0,0,0,0,0,0,0,0,0,0,0,0,0,0,0,0,0,0,0,0,0,0,0,0,0,0,0,0,0,0,0,0,0,0,0,0,0,0,0,0,0,0,0,0,0,0,0,0,0,0,0,0,0,0,0,0,0,0,0,0,0,0,0,0,0,0,0,0,0,0,0,0,0,0,0,0,0,0,0,0,0,0,64,0,0,0,0,0,0,0,0,0,0,0,0,0,0,0,0,0,0,0,0,0,0,0,0,0,0,0,0,0,0,0,0,0,0,0,0,0
0,0,0,0,0,0,0,0,0,0,0,0,0,0,0,0,0,0,0,0,0,0,0,0,0,0,0,0,0,0,0,0,0,0,0,0,0,0,0,0,0,0,0,0,0,0,0,0,0,0,0,0,0,0,0,0,0,0,0,0,0,0,0,63,63.901,64,64,64,64,64,64,64,64,64,64,64,64,64,64,64,64,64,64,64,64,64,64,64,64,64,64,0,0,0,0,0,0,0,0,0,0,0,0,0,0,0,0,0,0,0,0,0,0,0,0,0,0,0,0,0,0,0,0,0,0,0,0,0
0,0,0,0,0,0,0,0,0,0,0,0,0,0,0,0,0,0,0,0,0,0,0,0,0,0,0,0,0,0,0,0,0,0,0,0,0,8.1363,63,63,63,63,63,63,63,63,63,63,63,63,63,63,63,63,63,63,63,63,63,63,63,63,63,63,57.609,64,64,64,64,64,64,64,64,64,64,64,64,64,64,64,64,64,64,64,64,64,64,64,64,64,64,0,0,0,0,0,0,0,0,0,0,0,0,0,0,0,0,0,0,0,0,0,0,0,0,0,0,0,0,0,0,0,0,0,0,0,0,0
0,0,0,0,0,0,0,0,0,0,0,0,0,0,0,0,0,0,0,0,0,0,0,0,0,0,0,0,0,0,0,0,0,0,0,0,0,49.853,63,63,63,63,63,63,63,63,63,63,63,63,63,63,63,63,63,63,63,63,63,63,63,63,63,63,15.407,64,64,64,64,64,64,64,64,64,64,64,64,64,64,64,64,64,64,64,64,64,64,64,64,64,64,21.809,0,0,0,0,0,0,0,0,0,0,0,0,0,0,0,0,0,0,0,0,0,0,0,0,0,0,0,0,0,0,0,0,0,0,0,0
0,0,0,0,0,0,0,0,0,0,0,0,0,0,0,0,0,0,0,0,0,0,0,0,0,0,0,0,0,0,0,0,0,0,0,0,0,63,63,63,63,63,63,63,63,63,63,63,63,63,63,63,63,63,63,63,63,63,63,63,63,63,63,63,19.998,64,64,64,64,64,64,64,64,64,64,64,64,64,64,64,64,64,64,64,64,64,64,64,64,64,64,64,0,0,0,0,0,0,0,0,0,0,0,0,0,0,0,0,0,0,0,0,0,0,0,0,0,0,0,0,0,0,0,0,0,0,0,0
0,0,0,0,0,0,0,0,0,0,0,0,0,0,0,0,0,0,0,0,0,0,0,0,0,0,0,0,0,0,0,0,0,0,0,0,40.753,63,63,63,63,63,63,63,63,63,63,63,63,63,63,63,63,63,63,63,63,63,63,63,63,63,63,63,24.59,64,64,64,64,64,64,64,64,64,64,64,64,64,64,64,64,64,64,64,64,64,64,64,64,64,64,64,0,0,0,0,0,0,0,0,0,0,0,0,0,0,0,0,0,0,0,0,0,0,0,0,0,0,0,0,0,0,0,0,0,0,0,0
0,0,0,0,0,0,0,0,0,0,0,0,0,0,0,0,0,0,0,0,0,0,0,0,0,0,0,0,0,0,0,0,0,0,0,0,36.162,63,63,63,63,63,63,63,63,63,63,63,63,63,63,63,63,63,63,63,63,63,63,63,63,63,63,63,29.182,64,64,64,64,64,64,64,64,64,64,64,64,64,64,64,64,64,64,64,64,64,64,64,64,64,64,64,27.133,0,0,0,0,0,0,0,0,0,0,0,0,0,0,0,0,0,0,0,0,0,0,0,0,0,0,0,0,0,0,0,0,0,0,0
0,0,0,0,0,0,0,0,0,0,0,0,0,0,0,0,0,0,0,0,0,0,0,0,0,0,0,0,0,0,0,0,0,0,0,0,33.767,63,63,63,63,63,63,63,63,63,63,63,63,63,63,63,63,63,63,63,63,63,63,63,63,63,63,63,29.69,64,64,64,64,64,64,64,64,64,64,64,64,64,64,64,64,64,64,64,64,64,64,64,64,64,64,64,0,0,0,0,0,0,0,0,0,0,0,0,0,0,0,0,0,0,0,0,0,0,0,0,0,0,0,0,0,0,0,0,0,0,0,0
0,0,0,0,0,0,0,0,0,0,0,0,0,0,0,0,0,0,0,0,0,0,0,0,0,0,0,0,0,0,0,0,0,0,0,0,63,63,63,63,63,63,63,63,63,63,63,63,63,63,63,63,63,63,63,63,63,63,63,63,63,63,63,63,25.026,64,64,64,64,64,64,64,64,64,64,64,64,64,64,64,64,64,64,64,64,64,64,64,64,64,64,64,0,0,0,0,0,0,0,0,0,0,0,0,0,0,0,0,0,0,0,0,0,0,0,0,0,0,0,0,0,0,0,0,0,0,0,0
0,0,0,0,0,0,0,0,0,0,0,0,0,0,0,0,0,0,0,0,0,0,0,0,0,0,0,0,0,0,0,0,0,0,0,0,63,63,63,63,63,63,63,63,63,63,63,63,63,63,63,63,63,63,63,63,63,63,63,63,63,63,63,63,20.361,64,64,64,64,64,64,64,64,64,64,64,64,64,64,64,64,64,64,64,64,64,64,64,64,64,64,64,0,0,0,0,0,0,0,0,0,0,0,0,0,0,0,0,0,0,0,0,0,0,0,0,0,0,0,0,0,0,0,0,0,0,0,0
0,0,0,0,0,0,0,0,0,0,0,0,0,0,0,0,0,0,0,0,0,0,0,0,0,0,0,0,0,0,0,0,0,0,0,0,63,63,63,63,63,63,63,63,63,63,63,63,63,63,63,63,63,63,63,63,63,63,63,63,63,63,63,63,15.697,64,64,64,64,64,64,64,64,64,64,64,64,64,64,64,64,64,64,64,64,64,64,64,64,64,64,64,0,0,0,0,0,0,0,0,0,0,0,0,0,0,0,0,0,0,0,0,0,0,0,0,0,0,0,0,0,0,0,0,0,0,0,0
0,0,0,0,0,0,0,0,0,0,0,0,0,0,0,0,0,0,0,0,0,0,0,0,0,0,0,0,0,0,0,0,0,0,0,0,59.783,63,63,63,63,63,63,63,63,63,63,63,63,63,63,63,63,63,63,63,63,63,63,63,63,63,63,63,11.032,64,64,64,64,64,64,64,64,64,64,64,64,64,64,64,64,64,64,64,64,64,64,64,64,64,64,55.264,0,0,0,0,0,0,0,0,0,0,0,0,0,0,0,0,0,0,0,0,0,0,0,0,0,0,0,0,0,0,0,0,0,0,0,0
0,0,0,0,0,0,0,0,0,0,0,0,0,0,0,0,0,0,0,0,0,0,0,0,0,0,0,0,0,0,0,0,0,0,0,0,8.6112,63,63,63,63,63,63,63,63,63,63,63,63,63,63,63,63,63,63,63,63,63,63,63,63,63,63,63,6.3673,64,64,64,64,64,64,64,64,64,64,64,64,64,64,64,64,64,64,64,64,64,64,64,64,64,64,59.928,0,0,0,0,0,0,0,0,0,0,0,0,0,0,0,0,0,0,0,0,0,0,0,0,0,0,0,0,0,0,0,0,0,0,0,0
0,0,0,0,0,0,0,0,0,0,0,0,0,0,0,0,0,0,0,0,0,0,0,0,0,0,0,0,0,0,0,0,0,0,0,0,0,63,63,63,63,63,63,63,63,63,63,63,63,63,63,63,63,63,63,63,63,63,63,63,63,63,63,63,1.7027,64,64,64,64,64,64,64,64,64,64,64,64,64,64,64,64,64,64,64,64,64,64,64,64,64,64,0.55106,0,0,0,0,0,0,0,0,0,0,0,0,0,0,0,0,0,0,0,0,0,0,0,0,0,0,0,0,0,0,0,0,0,0,0,0
0,0,0,0,0,0,0,0,0,0,0,0,0,0,0,0,0,0,0,0,0,0,0,0,0,0,0,0,0,0,0,0,0,0,0,0,0,0,63,63,63,63,63,63,63,63,63,63,63,1,1,1,1,1,1,1,29.8,26.346,21.827,17.309,12.79,63,63,63,2.9156,64,64,64,2,2,30.601,26.083,21.564,17.045,12.526,8.0073,3.4884,2,2,2,47.413,42.894,62.201,64,64,64,64,64,64,64,64,0,0,0,0,0,0,0,0,0,0,0,0,0,0,0,0,0,0,0,0,0,0,0,0,0,0,0,0,0,0,0,0,0,0,0,0,0
0,0,0,0,0,0,0,0,0,0,0,0,0,0,0,0,0,0,0,0,0,0,0,0,0,0,0,0,0,0,0,0,0,0,0,0,0,0,57.669,48.265,42.652,4.166,1,27.692,23.174,18.655,2.2512,1,1,1,1,1,1,1,1,1,1,29.313,32.812,36.31,39.809,12.446,63,63,7.5073,64,64,51.175,50,50,27.793,5.7629,2,2,2,2,2,2,2,2,2,2,2,2,29.42,24.901,20.382,64,64,64,10.105,0,0,0,0,0,0,0,0,0,0,0,0,0,0,0,0,0,0,0,0,0,0,0,0,0,0,0,0,0,0,0,0,0,0,0,0,0
0,0,0,0,0,0,0,0,0,0,0,0,0,0,0,0,0,0,0,0,0,0,0,0,0,0,0,0,0,0,0,0,0,0,0,0,0,0.65422,5,5,5,5,3.3098,3.2726,3.5641,3.8557,4.1472,4.4387,4.7303,5,5,5,5,5,41.134,49,49,49,49,49,49,49,11.808,63,12.099,64,49.679,50,50,50,50,50,37.822,38.225,12.787,5.6018,5.8933,6,6,6,6,6,6,6,4.2256,4.5172,4.8087,5.1003,6,10.592,5.9623,0.39961,0,0,0,0,0,0,0,0,0,0,0,0,0,0,0,0,0,0,0,0,0,0,0,0,0,0,0,0,0,0,0,0,0,0,0,0
0,0,0,0,0,0,0,0,0,0,0,0,0,0,0,0,0,0,0,0,0,0,0,0,0,0,0,0,0,0,0,0,0,0,0,4.9187,5,5,5,5,5,5,5,5,5,5,5,5,5,5,5,5,5,5,5,44.086,49,49,49,49,49,49,49,46.709,63.735,56.004,50,50,50,50,50,50,50,26.031,6,6,6,6,6,6,6,6,6,6,6,6,6,6,6,6,6,6,6,6,0,0,0,0,0,0,0,0,0,0,0,0,0,0,0,0,0,0,0,0,0,0,0,0,0,0,0,0,0,0,0,0,0,0
0,0,0,0,0,0,0,0,0,0,0,0,0,0,0,0,0,0,0,0,0,0,0,0,0,0,0,0,0,0,0,0,0,2.9423,4.8652,5,5,5,5,5,5,5,5,5,5,5,5,5,5,5,5,5,5,5,5,5,41.615,49,49,49,49,49,49,49,0,35.908,50,50,50,50,50,50,30.53,6,6,6,6,6,6,6,6,6,6,6,6,6,6,6,6,6,6,6,6,6,6,3.5985,0,0,0,0,0,0,0,0,0,0,0,0,0,0,0,0,0,0,0,0,0,0,0,0,0,0,0,0,0,0,0,0
0,0,0,0,0,0,0,0,0,0,0,0,0,0,0,0,0,0,0,0,0,0,0,0,0,0,0,0,0,0,0,2.1829,3.8122,5,5,5,5,5,5,5,5,5,5,5,5,5,5,5,5,5,5,5,5,5,5,5,5,49,49,49,49,49,49,49,4.698,50,50,50,50,50,50,34.562,6,6,6,6,6,6,6,6,6,6,6,6,6,6,6,6,6,6,6,6,6,6,6,6,4.1203,0,0,0,0,0,0,0,0,0,0,0,0,0,0,0,0,0,0,0,0,0,0,0,0,0,0,0,0,0,0,0
0,0,0,0,0,0,0,0,0,0,0,0,0,0,0,0,0,0,0,0,0,0,0,0,0,0,0,0,0,0,1.7278,5,5,5,5,5,5,5,5,5,5,5,5,5,5,5,5,5,5,5,5,5,5,5,5,5,5,14.641,49,49,49,49,49,49,49.562,50,50,50,50,50,38.127,6,6,6,6,6,6,6,6,6,6,6,6,6,6,6,6,6,6,6,6,6,6,6,6,6,6,4.5783,0,0,0,0,0,0,0,0,0,0,0,0,0,0,0,0,0,0,0,0,0,0,0,0,0,0,0,0,0,0
0,0,0,0,0,0,0,0,0,0,0,0,0,0,0,0,0,0,0,0,0,0,0,0,0,0,0,0,0,2.7056,5,5,5,5,5,5,5,5,5,5,5,5,5,5,5,5,5,5,5,5,5,5,5,5,5,5,5,5,33.198,49,49,49,49,49,50,50,50,50,50,41.225,6,6,6,6,6,6,6,6,6,6,6,6,6,6,6,6,6,6,6,6,6,6,6,6,6,6,6,6,4.9726,0,0,0,0,0,0,0,0,0,0,0,0,0,0,0,0,0,0,0,0,0,0,0,0,0,0,0,0,0
0,0,0,0,0,0,0,0,0,0,0,0,0,0,0,0,0,0,0,0,0,0,0,0,0,0,0,0,0.97694,5,5,5,5,5,5,5,5,5,5,5,5,5,5,5,5,5,5,5,5,5,5,5,5,5,5,5,5,5,5,29.099,49,49,49,49,50,50,50,50,43.855,6,6,6,6,6,6,6,6,6,6,6,6,6,6,6,6,6,6,6,6,6,6,6,6,6,6,6,6,6,6,5.3032,0,0,0,0,0,0,0,0,0,0,0,0,0,0,0,0,0,0,0,0,0,0,0,0,0,0,0,0
0,0,0,0,0,0,0,0,0,0,0,0,0,0,0,0,0,0,0,0,0,0,0,0,0,0,0,0.68116,5,5,5,5,5,5,5,5,5,5,5,5,5,5,5,5,5,5,5,5,5,5,5,5,5,5,5,5,5,5,5,8.6833,47.888,49,49,49,50,50,50,49.384,6,6,6,6,6,6,6,6,6,6,6,6,6,6,6,6,6,6,6,6,6,6,6,6,6,6,6,6,6,6,6,6,3.21,0,0,0,0,0,0,0,0,0,0,0,0,0,0,0,0,0,0,0,0,0,0,0,0,0,0,0
0,0,0,0,0,0,0,0,0,0,0,0,0,0,0,0,0,0,0,0,0,0,0,0,0,0,0.43849,5,5,5,5,5,5,5,5,5,5,5,5,5,5,5,5,5,5,5,5,5,5,5,5,5,5,5,5,5,5,5,5,5,14.668,47.659,49,49,50,50,48,38.723,6,6,6,6,6,6,6,6,6,6,6,6,6,6,6,6,6,6,6,6,6,6,6,6,6,6,6,6,6,6,6,6,5.694,3.8815,0,0,0,0,0,0,0,0,0,0,0,0,0,0,0,0,0,0,0,0,0,0,0,0,0,0
0,0,0,0,0,0,0,0,0,0,0,0,0,0,0,0,0,0,0,0,0,0,0,0,0,1.019,5,5,5,5,5,5,5,5,5,5,5,5,5,5,5,5,5,5,5,5,5,5,5,5,5,5,5,5,5,5,5,5,5,5,11.607,47,47.409,49,50,49.699,48,30.855,6,6,6,6,6,6,6,6,6,6,6,6,6,6,6,6,6,6,6,6,6,6,6,6,6,6,6,6,6,6,6,6,6,5.8664,4.6167,0,0,0,0,0,0,0,0,0,0,0,0,0,0,0,0,0,0,0,0,0,0,0,0,0
0,0,0,0,0,0,0,0,0,0,0,0,0,0,0,0,0,0,0,0,0,0,0,0,0.39674,3.2618,5,5,5,5,5,5,5,5,5,5,5,5,5,5,5,5,5,5,5,5,5,5,5,5,5,5,5,5,5,5,5,5,5,5,5.7308,47,47.01,48.977,50,48,48,6,6,6,6,6,6,6,6,6,6,6,6,6,6,6,6,6,6,6,6,6,6,6,6,6,6,6,6,6,6,6,6,6,6,6,5.9751,3.6104,0,0,0,0,0,0,0,0,0,0,0,0,0,0,0,0,0,0,0,0,0,0,0,0
0,0,0,0,0,0,0,0,0,0,0,0,0,0,0,0,0,0,0,0,0,0,0,0.017451,3,3,4.4067,5,5,5,5,5,5,5,5,5,5,5,5,5,5,5,5,5,5,5,5,5,5,5,5,5,5,5,5,5,5,5,5,5,5,47,47,47.015,49.988,48,48,6,6,6,6,6,6,6,6,6,6,6,6,6,6,6,6,6,6,6,6,6,6,6,6,6,6,6,6,6,6,6,6,6,6,6,4.3681,4,0.18757,0,0,0,0,0,0,0,0,0,0,0,0,0,0,0,0,0,0,0,0,0,0,0
0,0,0,0,0,0,0,0,0,0,0,0,0,0,0,0,0,0,0,0,0,0,0,2.9669,3,3,3,4.965,5,5,5,5,5,5,5,5,5,5,5,5,5,5,5,5,5,5,5,5,5,5,5,5,5,5,5,5,5,5,5,5,5,44.368,47,47,49.768,48,48,8.9672,6,6,6,6,6,6,6,6,6,6,6,6,6,6,6,6,6,6,6,6,6,6,6,6,6,6,6,6,6,6,6,6,6,4.6215,4,4,4,0.73427,0.0705,0,0,0,0,0,0,0,0,0,0,0,0,0,0,0,0,0,0,0,0,0
0,0,0,0,0,0,0,0,0,0,0,0,0,0,0,0,0,0,0,0,0,0,2.7539,3,3,3,3,3,4.8166,5,5,5,5,5,5,5,5,5,5,5,5,5,5,5,5,5,5,5,5,5,5,5,5,5,5,5,5,5,5,5,5,41.306,47,47,47.86,48,48,12.028,6,6,6,6,6,6,6,6,6,6,6,6,6,6,6,6,6,6,6,6,6,6,6,6,6,6,6,6,6,6,6,6,6,4,4,4,4,4,1.2403,0,0,0,0,0,0,0,0,0,0,0,0,0,0,0,0,0,0,0,0,0
0,0,0,0,0,0,0,0,0,0,0,0,0,0,0,0,0,0,0,0,0,0,3,3,3,3,3,3,3,4.8244,5,5,5,5,5,5,5,5,5,5,5,5,5,5,5,5,5,5,5,5,5,5,5,5,5,5,5,5,5,5,5,5,47,47,47.788,48,48,15.089,6,6,6,6,6,6,6,6,6,6,6,6,6,6,6,6,6,6,6,6,6,6,6,6,6,6,6,6,6,6,6,4.191,4,4,4,4,4,4,4,0.23091,0,0,0,0,0,0,0,0,0,0,0,0,0,0,0,0,0,0,0,0
0,0,0,0,0,0,0,0,0,0,0,0,0,0,0,0,0,0,0,0,0,3,3,3,3,3,3,3,3,3,4.7115,5,5,5,5,5,5,5,5,5,5,5,5,5,5,5,5,5,5,5,5,5,5,5,5,5,5,5,5,5,5,5,47,47,47.715,48,48,6,6,6,6,6,6,6,6,6,6,6,6,6,6,6,6,6,6,6,6,6,6,6,6,6,6,6,6,6,6,6,5.2543,4,4,4,4,4,4,4,4,1.9295,0,0,0,0,0,0,0,0,0,0,0,0,0,0,0,0,0,0,0,0
0,0,0,0,0,0,0,0,0,0,0,0,0,0,0,0,0,0,0,0,2.8836,3,3,3,3,3,3,3,3,3,3,4.5773,5,5,5,5,5,5,5,5,5,5,5,5,5,5,5,5,5,5,5,5,5,5,5,5,5,5,5,5,5,5,47,47,47.642,48,48,6,6,6,6,6,6,6,6,6,6,6,6,6,6,6,6,6,6,6,6,6,6,6,6,6,6,6,6,6,6,5.0347,4,4,4,4,4,4,4,4,4,4,2.3302,0,0,0,0,0,0,0,0,0,0,0,0,0,0,0,0,0,0,0
0,0,0,0,0,0,0,0,0,0,0,0,0,0,0,0,0,0,0,2.389,3,3,3,3,3,3,3,3,3,3,3,3,4.2229,5,5,5,5,5,5,5,5,5,5,5,5,5,5,5,5,5,5,5,5,5,5,5,5,5,5,5,5,5,47,47,47.569,48,42.722,6,6,6,6,6,6,6,6,6,6,6,6,6,6,6,6,6,6,6,6,6,6,6,6,6,6,6,6,6,5.1831,4,4,4,4,4,4,4,4,4,4,4,4,1.9635,0,0,0,0,0,0,0,0,0,0,0,0,0,0,0,0,0,0
0,0,0,0,0,0,0,0,0,0,0,0,0,0,0,0,0,0,2.6308,3,3,3,3,3,3,3,3,3,3,3,3,3,3,4.2453,5,5,5,5,5,5,5,5,5,5,5,5,5,5,5,5,5,5,5,5,5,5,5,5,5,5,5,22.98,47,47,48,48,22.585,6,6,6,6,6,6,6,6,6,6,6,6,6,6,6,6,6,6,6,6,6,6,6,6,6,6,6,6,4.7259,4,4,4,4,4,4,4,4,4,4,4,4,4,4,0.96627,0,0,0,0,0,0,0,0,0,0,0,0,0,0,0,0,0
0,0,0,0,0,0,0,0,0,0,0,0,0,0,0,0,0,0.94385,3,3,3,3,3,3,3,3,3,3,3,3,3,3,3,3,4.0474,5,5,5,5,5,5,5,5,5,5,5,5,5,5,5,5,5,5,5,5,5,5,5,5,5,5,22.94,47,47,48,48,6,6,6,6,6,6,6,6,6,6,6,6,6,6,6,6,6,6,6,6,6,6,6,6,6,6,6,5.8561,4.9127,4,4,4,4,4,4,4,4,4,4,4,4,4,4,4,3.169,0,0,0,0,0,0,0,0,0,0,0,0,0,0,0,0,0
0,0,0,0,0,0,0,0,0,0,0,0,0,0,0,0,1.2421,3,3,3,3,3,3,3,3,3,3,3,3,3,3,3,3,3,3.0892,5,5,5,5,5,5,5,5,5,5,5,5,5,5,5,5,5,5,5,5,5,5,5,5,5,5,19.878,47,47,48,48,6,6,6,6,6,6,6,6,6,6,6,6,6,6,6,6,6,6,6,6,6,6,6,6,6,6,5.9293,5.1208,4,4,4,4,4,4,4,4,4,4,4,4,4,4,4,4,4,3.4217,0,0,0,0,0,0,0,0,0,0,0,0,0,0,0,0
0,0,0,0,0,0,0,0,0,0,0,0,0,0,0,2.2238,7.8785,3,3,3,3,3,3,3,3,3,3,3,3,3,3,3,3,3,3,3.0271,4.9588,5,5,5,5,5,5,5,5,5,5,5,5,5,5,5,5,5,5,5,5,5,5,5,5,5,47,47,48,48,6,6,6,6,6,6,6,6,6,6,6,6,6,6,6,6,6,6,6,6,6,6,6,6,6,5.9813,5.3501,4,4,4,4,4,4,4,4,4,4,4,4,4,4,4,4,4,4,4,0,0,0,0,0,0,0,0,0,0,0,0,0,0,0,0
0,0,0,0,0,0,0,0,0,0,0,0,0,0,0,8.2349,13,10.331,3,3,3,3,3,3,3,3,3,3,3,3,3,3,3,3,3,3,3,4.8456,5,5,5,5,5,5,5,5,5,5,5,5,5,5,5,5,5,5,5,5,5,5,5,5,16.24,47,48,48,6,6,6,6,6,6,6,6,6,6,6,6,6,6,6,6,6,6,6,6,6,6,6,6,6,4,4,4,4,4,4,4,4,4,4,4,4,4,4,4,4,4,4,4,8.2218,14,13.149,0,0,0,0,0,0,0,0,0,0,0,0,0,0,0
0,0,0,0,0,0,0,0,0,0,0,0,0,0.90985,6.9943,13,13,13,3,3,3,3,3,3,3,3,3,3,3,3,3,3,3,3,3,3,3,3,4.7112,5,5,5,5,5,5,5,5,5,5,5,5,5,5,5,5,5,5,5,5,5,5,5,10.639,47,48,47.228,6,6,6,6,6,6,6,6,6,6,6,6,6,6,6,6,6,6,6,6,6,6,6,6,4.0665,4,4,4,4,4,4,4,4,4,4,4,4,4,4,4,4,4,4,7.4797,14,14,14,13.664,0,0,0,0,0,0,0,0,0,0,0,0,0,0
0,0,0,0,0,0,0,0,0,0,0,0,0,5.6157,13,13,13,13,12.657,3,3,3,3,3,3,3,3,3,3,3,3,3,3,3,3,3,3,3,3,4.5555,5,5,5,5,5,5,5,5,5,5,5,5,5,5,5,5,5,5,5,5,5,5,7.578,47,48,45.589,6,6,6,6,6,6,6,6,6,6,6,6,6,6,6,6,6,6,6,6,6,6,6,4.2164,4,4,4,4,4,4,4,4,4,4,4,4,4,4,4,4,4,4,4.0007,13.993,14,14,14,14,9.986,0,0,0,0,0,0,0,0,0,0,0,0,0
0,0,0,0,0,0,0,0,0,0,0,0,0.71398,13,13,13,13,13,13,12.902,3,3,3,3,3,3,3,3,3,3,3,3,3,3,3,3,3,3,3,3,4.3786,5,5,5,5,5,5,5,5,5,5,5,5,5,5,5,5,5,5,5,5,5,5,47,47.986,48,6,6,6,6,6,6,6,6,6,6,6,6,6,6,6,6,6,6,6,6,6,6,4.4456,4,4,4,4,4,4,4,4,4,4,4,4,4,4,4,4,4,4,4,13.472,14,14,14,14,14,14,1.1468,0,0,0,0,0,0,0,0,0,0,0,0
0,0,0,0,0,0,0,0,0,0,0,0,12.831,13,13,13,13,13,13,13,13,3.2783,3,3,3,3,3,3,3,3,3,3,3,3,3,3,3,3,3,3,3,4.1552,5,5,5,5,5,5,5,5,5,5,5,5,5,5,5,5,5,5,5,5,5,47,47.913,48,6,6,6,6,6,6,6,6,6,6,6,6,6,6,6,6,6,6,6,6,6,4.6931,4,4,4,4,4,4,4,4,4,4,4,4,4,4,4,4,4,4,4,12.844,14,14,14,14,14,14,14,14,2.1857,0,0,0,0,0,0,0,0,0,0,0
0,0,0,0,0,0,0,0,0,0,0,2.367,13,13,13,13,13,13,13,13,13,13,3.0171,3,3,3,3,3,3,3,3,3,3,3,3,3,3,3,3,3,3,3,4.7386,5,5,5,5,5,5,5,5,5,5,5,5,5,5,5,5,5,5,5,5,47,47.84,48,6,6,6,6,6,6,6,6,6,6,6,6,6,6,6,6,6,6,6,6,4.9194,4,4,4,4,4,4,4,4,4,4,4,4,4,4,4,4,4,4,4,12.11,14,14,14,14,14,14,14,14,14,14,0,0,0,0,0,0,0,0,0,0,0
0,0,0,0,0,0,0,0,0,0,0,13,13,13,13,13,13,13,13,13,13,13,13,5.3854,3,3,3,3,3,3,3,3,3,3,3,3,3,3,3,3,3,3,3,4.7824,5,5,5,5,5,5,5,5,5,5,5,5,5,5,5,5,5,5,5,37.278,47.767,48,6,6,6,6,6,6,6,6,6,6,6,6,6,6,6,6,6,6,6,4.2127,4,4,4,4,4,4,4,4,4,4,4,4,4,4,4,4,4,4,4,11.27,14,14,14,14,14,14,14,14,14,14,14,4.2451,0,0,0,0,0,0,0,0,0,0
0,0,0,0,0,0,0,0,0,0,10.57,13,13,13,13,13,13,13,13,13,13,13,13,13,7.3296,3.6633,3,3,3,3,3,3,3,3,3,3,3,3,3,3,3,3,3,3,4.6636,5,5,5,5,5,5,5,5,5,5,5,5,5,5,5,5,5,5,34.217,47.694,44.127,6,6,6,6,6,6,6,6,6,6,6,6,6,6,6,6,6,6,4.9642,4,4,4,4,4,4,4,4,4,4,4,4,4,4,4,4,4,4,4,11.506,14,14,14,14,14,14,14,14,14,14,14,14,14,5.2841,0,0,0,0,0,0,0,0,0
0,0,0,0,0,0,0,0,0,0.73249,13,13,13,13,13,13,13,13,13,13,13,13,13,13,15,15,4.1389,3,3,3,3,3,3,3,3,3,3,3,3,3,3,3,3,3,3,4.5237,5,5,5,5,5,5,5,5,5,5,5,5,5,5,5,5,5,31.155,47.621,21.956,6,6,6,6,6,6,6,6,6,6,6,6,6,6,6,6,6,5.1127,4,4,4,4,4,4,4,4,4,4,4,4,4,4,4,4,4,4,9.6761,14.816,16,14.041,14,14,14,14,14,14,14,14,14,14,14,14,18.332,0,0,0,0,0,0,0,0,0
0,0,0,0,0,0,0,0,0,13.199,13,13,13,13,13,13,13,13,13,13,13,13,13,14.206,15,15,15,4.7419,3,3,3,3,3,3,3,3,3,3,3,3,3,3,3,3,3,3,5,5,5,5,5,5,5,5,5,5,5,5,5,5,5,5,5,28.094,47.549,25.017,6,6,6,6,6,6,6,6,6,6,6,6,6,6,6,6,5.6123,4,4,4,4,4,4,4,4,4,4,4,4,4,4,4,4,4,4,8.52,16,16,16,14,14,14,14,14,14,14,14,14,14,14,14,14,17.789,0.76374,0,0,0,0,0,0,0,0
0,0,0,0,0,0,0,0,11.259,13,13,13,13,13,13,13,13,13,13,13,13,13,13,15,15,15,15,15,11.434,3,3,3,3,3,3,3,3,3,3,3,3,3,3,3,3,3,3.2555,5,5,5,5,5,5,5,5,5,5,5,5,5,5,5,5,25.033,46.877,6,6,6,6,6,6,6,6,6,6,6,6,6,6,6,6,5.7325,4,4,4,4,4,4,4,4,4,4,4,4,4,4,4,4,4,7.1268,13.803,16,16,16,16,14,14,14,14,14,14,14,14,14,14,14,14,14,14,21.69,0,0,0,0,0,0,0,0
0,0,0,0,0,0,0,0,16.992,13,13,13,13,13,13,13,13,13,13,13,13,13,13.917,15,15,15,15,15,15,6.3304,3,3,3,3,3,3,3,3,3,3,3,3,3,3,3,3,3,3.8507,5,5,5,5,5,5,5,5,5,5,5,5,5,5,5,21.972,31.084,6,6,6,6,6,6,6,6,6,6,6,6,6,6,6,5.8313,4,4,4,4,4,4,4,4,4,4,4,4,4,4,4,4,4,6.287,12.955,16,16,16,16,16,15.303,14,14,14,14,14,14,14,14,14,14,14,14,14,14,14.776,0,0,0,0,0,0,0
0,0,0,0,0,0,0,8.5177,13,13,13,13,13,13,13,13,13,13,13,13,13,13,13.771,15,15,15,15,15,15,15,13.089,3,3,3,3,3,3,3,3,3,3,3,3,3,3,3,3,3.1308,5,5,5,5,5,5,5,5,5,5,5,5,5,5,5,18.911,34.145,6,6,6,6,6,6,6,6,6,6,6,6,6,6,6,4,4,4,4,4,4,4,4,4,4,4,4,4,4,4,4,4,5.5746,11.98,16,16,16,16,16,16,15.472,14,14,14,14,14,14,14,14,14,14,14,14,14,14,21.195,0,0,0,0,0,0,0
0,0,0,0,0,0,5.7869,18.61,13,13,13,13,13,13,13,13,13,13,13,13,13,13,13.626,15,15,15,15,15,15,15,15,13.726,3,3,3,3,3,3,3,3,3,3,3,3,3,3,3,3,3.5565,5,5,5,5,5,5,5,5,5,5,5,5,5,5,15.85,37.206,6,6,6,6,6,6,6,6,6,6,6,6,6,6,5.3039,4,4,4,4,4,4,4,4,4,4,4,4,4,4,4,4,8.6143,16,16,16,16,16,16,16,16,16,14,14,14,14,14,14,14,14,14,14,14,14,14,14,15.265,22,0,0,0,0,0,0
0,0,0,0,0,4.1382,21,13.613,13,13,13,13,13,13,13,13,13,13,13,13,13,13,14.984,15,15,15,15,15,15,15,15,15,9.6689,3,3,3,3,3,3,3,3,3,3,3,3,3,3,3,3,3.4755,5,5,5,5,5,5,5,5,5,5,5,5,5,12.788,40.267,6,6,6,6,6,6,6,6,6,6,6,6,6,5.9764,4,4,4,4,4,4,4,4,4,4,4,4,4,4,4,4,8.9067,16,16,16,16,16,16,16,16,16,16,14,14,14,14,14,14,14,14,14,14,14,14,14,14,14,22,20.3,0,0,0,0,0
0,0,0,0,0,16.735,21,13,13,13,13,13,13,13,13,13,13,13,13,13,13,14.01,15,15,15,15,15,15,15,15,15,15,15,12.482,3,3,3,3,3,3,3,3,3,3,3,3,3,3,3,3.2623,5,5,5,5,5,5,5,5,5,5,5,5,5,9.7274,43.328,6,6,6,6,6,6,6,6,6,6,6,6,6,4,4,4,4,4,4,4,4,4,4,4,4,4,4,4,4,7.4875,16,16,16,16,16,16,16,16,16,16,16,14,14,14,14,14,14,14,14,14,14,14,14,14,14,14,22,22,0,0,0,0,0
0,0,0,0,1.6738,21,20.242,13,13,13,13,13,13,13,13,13,13,13,13,13,13,13.573,18.577,15,15,15,15,15,15,15,15,15,15,15,12.532,3,3,3,3,3,3,3,3,3,3,3,3,3,3,3,3.1139,5,5,5,5,5,5,5,5,5,5,5,5,6.6662,46.39,6,6,6,6,6,6,6,6,6,6,6,6,5.958,4,4,4,4,4,4,4,4,4,4,4,4,4,4,4,5.9423,16,16,16,16,16,16,16,16,16,16,16,16,19.93,14.021,14,14,14,14,14,14,14,14,14,14,14,14,14,14,21.915,22,0,0,0,0
0,0,0,0,21,21,14.382,13,13,13,13,13,13,13,13,13,13,13,13,13,13.121,18.489,18.915,15,15,15,15,15,15,15,15,15,15,15,15,10.466,3,3,3,3,3,3,3,3,3,3,3,3,3,3,3,4.9966,5,5,5,5,5,5,5,5,5,5,5,5,47.965,6,6,6,6,6,6,6,6,6,6,6,6,4.1142,4,4,4,4,4,4,4,4,4,4,4,4,4,4,4.6511,15.708,16,16,16,16,16,16,16,16,16,16,16,16,20,15.536,14,14,14,11.44,14,14,14,14,14,14,14,14,14,14,21.107,22,2.5135,0,0,0
0,0,0,0,20.809,21,13.243,13,13,13,13,13,11.466,7,7,7,7,9.2799,8.8426,17.595,18.032,19,19,15,15,15,15,15,15,15,15,15,15,15,15,11.276,11,3.0445,3,3,3,3,3,3,3,3,3,3,3,3,3,3,5,5,5,5,5,5,5,5,5,5,5,5,47.893,6,6,6,6,6,6,6,6,6,6,6,6,4.2494,4,4,4,4,4,4,4,4,4,4,4,4,4,4.0923,12,15.416,16,16,16,16,16,16,16,16,16,16,16,16,20,20,20,20,9.217,8,10.267,10.298,9.8612,9.4239,14,14,14,14,14,14,20.524,22,22,0,0,0
0,0,0,18.915,21,21,13.826,13,13,12.786,7,7,7,7,7,7,7,7,7,19,19,19,19,15,15,15,15,15,15,15,15,15,15,15,15,11.567,11,11,4.1662,3,3,3,3,3,3,3,3,3,3,3,3,3,4.9442,5,5,5,5,5,5,5,5,5,5,5,47.82,6,6,6,6,6,6,6,6,6,6,6,4.5229,4,4,4,4,4,4,4,4,4,4,4,4,4,4,12,12,15.263,16,16,16,16,16,16,16,16,16,16,16,19.061,20,20,20,10.881,8,8,8,8,8,8,8,8.4175,8.1199,13.92,14,14,14,22,22,2.8185,0,0
0,0,9.1258,21,21,21,13.26,13,7.2316,7,7,7,7,7,7,7,7,7,7,16.679,19,19,19,15,15,15,15,15,15,15,15,15,15,15,15,11.859,11,11,11,4.7599,3,3,3,3,3,3,3,3,3,3,3,3,4.2687,5,5,5,5,5,5,5,5,5,5,5,47.747,6,6,6,6,6,6,6,6,6,6,6,4.5383,4,4,4,4,4,4,4,4,4,4,4,4,4,11.857,12,12,16,16,16,16,16,16,16,16,16,16,16,16,18.769,20,20,20,11.756,8,8,8,8,8,8,8,8,8,8,8,13.611,14,22,22,14.514,0,0
0,0,15.882,21,21,21,9.3309,7.1695,7,7,7,7,7,7,7,7,7,7,7,15.804,19,19,19,16.086,15,15,15,15,15,15,15,15,15,15,15,12.15,11,11,11,11,5.3536,3,3,3,3,3,3,3,3,3,3,3,3,5,5,5,5,5,5,5,5,5,5,5,47.674,6,6,6,6,6,6,6,6,6,6,6,4.0573,4,4,4,4,4,4,4,4,4,4,4,10.327,12,12,12,12,16,16,16,16,16,16,16,16,16,16,16,16,18.478,20,20,20,12.63,8,8,8,8,8,8,8,8,8,8,8,8,13.35,18.764,22,22,5.0359,0
0,0,21,21,21,13.96,7,7,7,7,7,7,7,7,7,7,7,7,7,8.8994,19,19,19,19,15,15,15,15,15,15,15,15,15,15,15,12.442,11,11,11,11,11,4.0726,3,3,3,3,3,3,3,3,3,3,3,4.8166,5,5,5,5,5,5,5,5,5,5,47.601,6,6,6,6,6,6,6,6,6,6,5.0125,4,4,4,4,4,4,4,4,4,4,4,11.026,12,12,12,12,12,16,16,16,16,16,16,16,16,16,16,16,16,18.238,20,20,20,13.505,8,8,8,8,8,8,8,8,8,8,8,8,8,15.074,22,22,16.969,0
0,0,21,21,21,12.509,7,7,7,7,7,7,7,7,7,7,7,7,7,14.055,19,19,19,19,15,15,15,15,15,15,15,15,15,15,15,12.733,11,11,11,11,11,11,4.542,3,3,3,3,3,3,3,3,3,3,4.0855,5,5,5,5,5,5,5,5,5,5,46.683,6,6,6,6,6,6,6,6,6,6,4.9729,4,4,4,4,4,4,4,4,4,4,10.567,12,12,12,12,12,12,13.959,16,16,16,16,16,16,16,16,16,16,17.813,20,20,20,20,8,8,8,8,8,8,8,8,8,8,8,8,8,8,22,22,22,12.193,0
0,0,21,21,21,13.529,7,7,7,7,7,7,7,7,7,7,7,7,7,19,19,19,19,19,15,15,15,15,15,15,15,15,15,15,11.301,11,11,11,11,11,11,11,11,5.0964,3,3,3,3,3,3,3,3,3,3.9398,5,5,5,5,5,5,5,5,5,24.177,28.879,6,6,6,6,6,6,6,6,6,5.3225,4,4,4,4,4,4,4,4,4,4,10.022,12,12,12,12,12,12,12,13.415,16,16,16,16,16,16,16,16,16,16,19.888,20,20,20,20,8,8,8,8,8,8,8,8,8,8,8,8,8,8,22,22,22,22,0
0,0,21,21,21,7,7,7,7,7,7,7,7,7,7,7,7,7,12.322,19,19,19,19,19,17.258,15,15,15,15,15,15,15,15,13.684,11,11,11,11,11,11,11,11,11,11,5.7358,3,3,3,3,3,3,3,3,3,5,5,5,5,5,5,5,5,5,21.116,31.94,6,6,6,6,6,6,6,6,6,4,4,4,4,4,4,4,4,4,4,7.9518,12,12,12,12,12,12,12,12,12,13.37,16,16,16,16,16,16,16,16,16,20,20,20,20,20,17.352,8,8,8,8,8,8,8,8,8,8,8,8,8,22,22,22,22,15.429
0,0,21,21,21,7,7,7,7,7,7,7,7,7,7,7,7,7,8.4414,19,19,19,19,19,17.549,15,15,15,15,15,15,15,15,11.583,11,11,11,11,11,11,11,11,11,11,11,6.4602,3,3,3,3,3,3,3,3,5,5,5,5,5,5,5,5,5,18.055,35.001,6,6,6,6,6,6,6,6,6,4,4,4,4,4,4,4,4,4,8.6776,12,12,12,12,12,12,12,12,12,12,12,16,16,16,16,16,16,16,16,17.031,20,20,20,20,19.393,16.852,8,8,8,8,8,8,8,8,8,8,8,8,8,22,22,22,22,17.032
0,0,21,21,21,7,7,7,7,7,7,7,7,7,7,7,7,8.2161,9,9.7296,13.172,19,19,19,19,15.544,15,15,15,15,15,15,11.861,11,11,11,11,11,11,11,11,11,11,11,11,11,7.2695,3,3,3,3,3,3,3,3.4998,5,5,5,5,5,5,5,5,14.994,38.062,6,6,6,6,6,6,6,6,6,4,4,4,4,4,4,4,4,12,12,12,12,12,12,12,12,12,12,12,12,12,12.553,16,16,16,16,16,16,16,19.596,20,20,20,10,10,10,10,8,8,8,8,8,8,8,8,8,8,8,8,22,22,22,22,18.636
0,0,21,21,21,7,7,7,7,7,7,7,7,7,7,7.9219,8.2798,9,9,9,9,10.017,19,19,19,18.138,15,15,15,15,15,15,11,11,11,11,11,11,11,11,11,11,11,11,11,11,10.58,3,3,3,3,3,3,3,3.354,5,5,5,5,5,5,5,5,11.932,41.123,6,6,6,6,6,6,6,6,5.7911,4,4,4,4,4,4,4.2262,12,12,12,12,12,12,12,12,12,12,12,12,12,12,12,14.718,16,16,16,16,16,16.453,20,20,20,10,10,10,10,10,10,8.9554,8,8,8,8,8,8,8,8,8,8,22,22,22,22,22
0,0,21,21,21,7,7,7,7,7,7,7.0542,7.482,9,9,9,9,9,9,9,9,9,10.466,18.635,19,19,15.898,15,15,15,15,15,11,11,11,11,11,11,11,11,11,11,11,11,11,11,11,10.093,3,3,3,3,3,3,3.2083,5,5,5,5,5,5,5,5,8.8713,44.184,6,6,6,6,6,6,6,6,5.8422,4,4,4,4,4,4,12,12,12,12,12,12,12,12,12,12,12,12,12,12,12,12,13.576,16,16,16,16,16,19.235,20,20,10,10,10,10,10,10,10,10,10,9.3504,8,8,8,8,8,8,8,8,22,22,22,22,22
0,0,21,21,21,7,7,7,7,7.0038,7.1878,7.4808,9,9,9,9,9,9,9,9,9,9,9,9.6943,19,19,18.797,15,15,15,15,15,11,11,11,11,11,11,11,11,11,11,11,11,11,11,11,11,10.686,3,3,3,3,3,3.0625,5,5,5,5,5,5,5,5,5.8102,47.246,6,6,6,6,6,6,6,6,5.988,4,4,4,4,4,4,12,12,12,12,12,12,12,12,12,12,12,12,12,12,12,12,15.902,16,16,16,16,16,20,20,20,10,10,10,10,10,10,10,10,10,10,10,10,8.0936,8,8.0042,8,8,8,21.154,22,22,22,22
0,0,21,21,21,7,7,7,7.0369,9,9,9,9,9,9,9,9,9,9,9,9,9,9,9,9,19,19,15.023,15,15,15,15,11.05,11,11,11,11,11,11,11,11,11,11,11,11,11,11,11,11,3,3,3,3,3,3,5,5,5,5,5,5,5,5,5,47.945,6,6,6,6,6,6,6,6,6,4,4,4,4,4,5.5747,12.089,12,12,12,12,12,12,12,12,12,12,12,12,12,12,12,16,16,16,16,16,18.598,20,20,11.081,10,10,10,10,10,10,10,10,10,10,10,10,10,10,10,8.2197,8.0477,8,20.134,22,22,22,22
0,0,21,21,21,7.692,7,8.8958,9,9,9,9,9,9,9,9,9,9,9,9,9,9,9,9,9,18.86,19,19,15.129,15,15,15,15,11,11,11,11,11,11,11,11,11,11,11,11,11,11,11,17,4.4102,3.3169,6.8154,10.314,13.812,17.311,22.067,25.42,7.8172,5,5,5,5,5,50.797,53.872,54,19.473,17.791,21.289,24.788,24.079,6,6,6,4,4,4,4,4.8989,16.18,18,14.258,12.309,12,12,12,12,12,12,12,12,12,12,12,12,12,16,16,16,16,16,20,20,20,10,10,10,10,10,10,10,10,10,10,10,10,10,10,10,10,10,10,8.5086,19.113,22,22,22,22
0,0,21,21,21,9.9859,9,9,9,9,9,9,9,9,9,9,9,9,9,9,9,9,9,9,9,9,19,19,15.611,15,15,15,15,11.638,11,11,11,11,11,11,11,11,11,11,11,14.845,16.696,17,17,17,51,51,51,51,51,51,51,52.031,53,53,53,53,53,53,53.799,54,54,54,54,54,54,52.225,52,52,52,52,52,52,52,18,18,18,18,14.463,12,12,12,12,12,12,12,12,12,12,12,15.308,16,16,16,16,19.652,20,20,10.333,10,10,10,10,10,10,10,10,10,10,10,10,10,10,10,10,10,10,10,18.651,22,22,22,22
0,0,21,21,21,11.342,9,9,9,9,9,9,9,9,9,9,9,9,9,9,9,9,9,9,9,9,18.432,19,19,15,15,15,15,11.93,11,11,11,11,11,11,11,11,12.908,13.963,17,17,17,17,17,17,51,51,51,51,51,51,51.883,53,53,53,53,53,53,53,53.726,54,54,54,54,54,54,54,52,52,52,52,52,52,52,19.173,18,18,18,18,18,13.004,12,12,12,12,12,12,12,12,12,16,16,16,16,16,20,20,20,10,10,10,10,10,10,10,10,10,10,10,10,10,10,10,10,10,10,10,10,17.777,22,22,22,22
0,0,21,21,21,12.217,9,9,9,9,9,9,9,9,9,9,9,9,9,9,9,9,9,9,9,9,9,19,19,16.2,15,15,15,15,12.226,11,11,11,11,11.828,12.643,15.762,17,17,17,17,17,17,17,39.898,51,51,51,51,51,51.489,53,53,53,53,53,53,53,53,53.654,54,54,54,54,54,54,54,53.493,52.487,52,52,52,52,52,30.457,18,18,18,18,18,18,16.601,16.196,12,12,12,12,12,12,14.779,16,16,16,16,19.33,20,20,10,10,10,10,10,10,10,10,10,10,10,10,10,10,10,10,10,10,10,10,10,16.902,22,22,22,22
0,0,21,21,21,13.092,9,9,9,9,9,9,9,9,9,9,9,9,9,9,9,9,9,9,9,9,9,19,19,17.672,15,15,15,15,12.518,11,11,11.323,14.984,17,17,17,17,17,17,17,17,17,17,51,51,51,51,51,51,53,53,53,53,53,53,53,53,53,53.581,54,54,54,54,54,54,54,54,52.863,52,52,52,52,52,35.127,18,18,18,18,18,18,18,18,18,17.063,14.496,12,12,12,16,16,16,16,16,20,20,20,10,10,10,10,10,10,10,10,10,10,10,10,10,10,10,10,10,10,10,10,10,17.95,22,22,22,22
0,0,21,21,21,21,9,9,9,9,9,9,9,9,9,9,9,9,9,9,9,9,9,9,9,9,9,19,19,19,16.788,15,15,15,15,16.44,16.944,17,17,17,17,17,17,17,17,17,17,17,32.364,51,51,51,51,51,51.583,53,53,53,53,53,53,53,53,53,53.518,54,54,54,54,54,54,54,54,54,52,52,52,52,52,37.298,18,18,18,18,18,18,18,18,18,18,18,18,18,14.429,16.22,16,16,16,18.922,20,20,15.414,10,10,10,10,10,10,10,10,10,10,10,10,10,10,10,10,10,10,10,10,15.169,22,22,22,22,22
0,0,21,21,21,21,14.857,9,9,9,9,9,9,9,9,9,9,9,9,9,9,9,9,9,9,9,9,19,19,19,14.066,15,16.373,17,17,17,17,17,17,17,17,17,17,17,17,17,17,17,51,51,51,51,51,51.899,53,53,53,53,53,53,53,53,53,53,54.021,54,54,54,54,54,54,54,54,54,53.787,52,52,52,52,52,18,18,18,18,18,18,18,18,18,18,18,18,18,18,18,17.432,16.703,18.081,20,20,20,10,10,10,10,10,10,10,10,10,10,10,10,10,10,10,10,10,10,10,10,10,16.192,22,22,22,22,22
0,0,21,21,21,21,9,9,9,9,9,9,9,9,9,9,9,9,9,9,9,9,9,9,9,9,9,17.11,18.677,18.067,17.546,17,17,17,17,17,17,17,17,17,17,17,17,17,17,17,17,30.076,51,51,51,51,51.108,53,53,53,53,53,53,53,53,53,53,53.727,55.276,54,54,54,54,54,54,54,54,54,54,52,52,52,52,52,42.544,18,18,18,18,18,18,18,18,18,18,18,18,18,18,18,18,18,19.323,20,16.858,10,10,10,10,10,10,10,10,10,10,10,10,10,10,10,10,10,10,10,10,10,22,22,22,22,22,22
0,0,21,21,21,21,15.002,9,9,9,9,9,9,9,9,9,9,9,9,9,9,9,9,9,9,9,9,12.166,17,17,17,17,17,17,17,17,17,17,17,17,17,17,17,17,17,17,17,27.598,51,51,51,51,51.807,53,53,53,53,53,53,53,53,53,53,53.581,56,54,54,54,54,54,54,54,54,54,54,53.451,52,52,52,52,52,28.216,18,18,18,18,18,18,18,18,18,18,18,18,18,18,18,18,18,18,16.616,10,10,10,10,10,10,10,10,10,10,10,10,10,10,10,10,10,10,10,10,10.437,22,22,22,22,22,22
0,0,21,21,21,21,21,9,9,9,9,9,9,9,9,9,9,9,9,9,9,9,9,9,9,9,9,17,17,17,17,17,17,17,17,17,17,17,17,17,17,17,21.041,31.647,22.413,42.209,57,51,51,51,51,51.032,53,53,53,53,53,53,53,53,53,53,53,55,56,55.57,54,54,54,54,54,54,54,54,54,54,52,52,52,52,52,58,58,53.415,33.322,18,18,18,18,18,18,18,18,18,18,18,18,18,18,18,16.653,10,10,10,10,10,10,10,10,10,10,10,10,10,10,10,10,10,10,10,10,13.434,22,22,22,22,22,22
0,0,21,21,21,21,21,9,9,9,9,9,9,9,9,9,9,9,9,9,9,9,9,9,9,9,9,17,17,17,17,17,17,17,17,17,17,18.833,21.748,24.664,32.734,57,57,57,57,57,57,51,51,51,51,51.321,53,53,53,53,53,53,53,53,53,53,53.292,55,56,55.716,54,54,54,54,54,54,54,54,54,54,52,52,52,52,52,56.667,58,58,58,58,42.686,42.488,18,18,18,18,18,18,18,18,18,18,18,18,17.236,10,10,10,10,10,10,10,10,10,10,10,10,10,10,10,10,10,10,10,10,22,22,22,22,22,22,22
0,0,21,21,21,21,21,17.79,9,9,9,9,9,9,9,9,9,9,9,9,9,9,9,9,9,9,9,17,17,17,17,17,17,17,17,20.918,55.864,57,57,57,57,57,57,57,57,57,56.434,51,51,51,51,51.175,53,53,53,53,53,53,53,53,53,53,53.146,55,56,55.874,54,54,54,54,54,54,54,54,54,54,53.891,52,52,52,52,52.287,58,58,58,58,58,58,58,58,57.867,57.21,56.74,23.041,25.956,28.553,18,18,18,18,17.819,10,10,10,10,10,10,10,10,10,10,10,10,10,10,10,10,10,10,10,10,22,22,22,22,22,22,22
0,0,21,21,21,21,21,21,9,9,9,9,9,9,9,9,9,9,9,9,9,9,9,9,9,9,9,17,32.488,35.404,17,41.234,57,57,57,57,57,57,57,57,57,57,57,57,57,57,56.871,51,51,51,51,53,53,53,53,53,53,53,53,53,53,53,53,55,55.998,56,54.01,54,54,54,54,54,54,54,54,54,54,52.039,52,52,52,52,57.949,58,58,58,58,58,58,58,58,58,58,58,58,58,58,58,37.565,18,18,10,10,10,10,10,10,10,10,10,10,10,10,10,10,10,10,10,10,10,21.078,22,22,22,22,22,22,23.828
0,0,21,21,21,21,21,21,9.0109,9,9,9,9,9,9,9,9,9,9,9,9,9,9,9,9,9,9,55.745,57,57,57,57,57,57,57,57,57,57,57,57,57,57,57,57,57,57,51.308,51,51,51,51,52.891,53,53,53,53,53,53,53,53,53,53,54.855,55,55.925,56,54.156,54,54,54,54,54,54,54,54,54,54,52.185,52,52,52,52,57.405,58,58,58,58,58,58,58,58,58,58,58,58,58,58,58,58,58,58,10,10,10,10,10,10,10,10,10,10,10,10,10,10,10,10,10,10,10,20.368,22,22,22,22,22,23.851,24
0,0,0,21,21,21,21,21,21,9,9,9,9,9,9,9,9,9,9,9,9,9,9,9,9,9,9,53.79,57,57,57,57,57,57,57,57,57,57,57,57,57,57,57,57,57,57,49.668,51,51,51,51,53,53,53,53,53,53,53,53,53,53,53,55,55,55.852,56,54.302,54,54,54,54,54,54,54,54,54,54,53.926,52,52,52,52,37.098,53.838,58,58,58,58,58,58,58,58,58,58,58,58,58,58,58,58,58,46.639,10,10,10,10,10,10,10,10,10,10,10,10,10,10,10,10,10,19.345,22,22,22,22,22,22.7,24,24
0,0,0,21.28,21,21,21,21,21,10.776,9,9,9,9,9,9,9,9,9,9,9,9,9,9,9,15.836,59,57.344,57,57,57,57,57,57,57,57,57,57,57,57,57,57,57,45.564,35.104,33,47.451,51,51,51,51,53,53,53,53,53,53,53,53,53,53,53,55,55,55.779,56,54.685,54,54,54,54,54,54,54,54,54,54,54,52,52,52,52,38.41,34,46.846,58,58,58,58,58,58,58,58,58,58,58,58,58,58,58,58,58,51.866,10,10,10,10,10,10,10,10,10,10,10,10,10,10,10,10,18.526,22,22,22,22,22,24,24,24
0,0,0,23,21.271,21,21,21,21,21,9,9,9,9,9,9,9,9,9,9,9,9,9,9,12.43,59,59,57.49,57,57,57,57,57,57,57,57,57,57,57,57,57,51.177,36.798,33,33,33,46.139,51,51,51,51,53,53,53,53,53,53,53,53,53,53,53,55,55,55.706,56,55.787,54,54,54,54,54,54,54,54,54,54,54,52,52,52,52,39.722,34,34,34,58,58,58,58,58,58,58,58,58,58,58,58,58,58,58,58.923,60,55.035,10,10,10,10,10,10,10,10,10,10,10,10,10,10,10,22,22,22,22,22,22.758,24,24,24
0,0,0,23,22.474,21.406,21,21,21,21,12.541,9,9,9,9,9,9,9,9,9,9,9,9,9.807,59,59,59,57.635,57,57,57,57,57,57,57,57,57,57,57,57,52.927,33,33,33,33,33,51,51,51,51,51,53,53,53,53,53,53,53,53,53,53,53,55,55,55.633,56,54.739,54,54,54,54,54,54,54,54,54,54,54,52.771,52,52,52,52,34,34,34,34,41.662,58,58,58,58,58,58,58,58,58,58,58,58,58,59.168,60,60,57.673,30.911,10,10,10,10,10,10,10,10,10,10,10,10,16.737,22,22,22,22,22,24,24,24,24
0,0,0,23,23,21.723,21,21,21,21,21,9,9,9,9,9,9,9,9,9,9,9,38.015,59,59,59,59,57.781,57,57,57,57,57,57,57,57,57,57,55.457,40.991,33,33,33,33,33,33,51,51,51,51,52.158,53,53,53,53,53,53,53,53,53,53,53,55,55,55.56,56,54.885,54,54,54,54,54,54,54,54,54,54,54,52.917,52,52,52,52,37.246,34,34,34,34,34,38.196,58,58,58,58,58,58,58,58,58,58,58.643,60,60,60,60,60,11.591,10,10,10,10,10,10,10,10,10,10,10,21.625,22,22,22,22,23.278,24,24,24,25.576
0,0,0,23,23,23,21.675,21,21,21,21,9,9,9,9,9,9,9,9,9,30.693,52.386,59,59,59,59,59,57.927,57,57,57,57,57,57,57,57,57,44.054,33,33,33,33,33,33,33,38.693,51,51,51,51,52.012,53,53,53,53,53,53,53,53,53,53,53.77,55,55,56,56,55.031,54,54,54,54,54,54,54,54,54,54,54,52,52,52,52,52,34,34,34,34,34,34,34,46.224,58,58,58,58,58,58,58,58,58,58.879,60,60,60,60,60,60,41.408,10,10,10,10,10,10,10,10,10,15.004,22,22,22,22,23.091,24,24,24,24,26
0,0,0,23,23,23,22.017,21,21,21,15.165,9,9,9,9,9,9,9,9,45.031,59,59,59,59,59,59,59,58.073,57,57,57,57,57,57,57,57,33.531,33,33,33,33,33,33,33,33,51,51,51,51,51,53,53,53,53,53,53,53,53,53,53,53,53.837,55,55,56,56,55.176,54,54,54,54,54,54,54,54,54,54,54,52,52,52,52,52,34,34,34,34,34,34,34,34,34.288,57.385,58,58,58,58,58,58,58,58.733,60,60,60,60,60,60,60,60,19.041,10,10,10,10,10,10,10,14.129,22,22,22,22.105,24,24,24,24,24.664,26
0,0,0,23,23,23,23,21,21,21,16.04,9,9,9,9,9,9,20.587,48.44,59,59,59,59,59,59,59,59,59,41.018,57,57,57,57,57,37.499,33,33,33,33,33,33,33,33,33,33,51,51,51,51,51,53,53,53,53,53,53,53,53,53,53,53,53.691,55,55,56,56,55.322,54,54,54,54,54,54,54,54,54,54,54,52,52,52,52,52,34,34,34,34,34,34,34,34,34,34,34,54.889,58,58,58,58,58,59.467,60,60,60,60,60,60,60,60,60,50.908,10,10,10,10,10,10,13.255,22,22,22,24,24,24,24,24,24.519,26
0,0,0,23,23,23,23,22.106,21,21,16.914,9,9,9,9,9,33.965,59,59,59,59,59,59,59,59,59,51.977,37,37,37,46.606,48.853,41.029,37.334,33,33,33,33,33,33,33,33,33,33,33,51,51,51,51,51.522,53,53,53,53,53,53,53,53,53,53,53,53.545,55,55,56,56,55.468,54,54,54,54,54,54,54,54,54,54,54,52,52,52,52,52,34,34,34,34,34,34,34,34,34,34,34,34,34,50.377,38,40.344,45.02,39.839,48.076,60,60,60,60,60,60,60,60,60,60,29.725,10,10,10,10,12.38,22,22,22.389,24,24,24,24,24,25.213,26
0,0,0,23,23,23,23,22.914,21,21,17.789,9,9,22.966,35.105,59,59,59,59,59,59,59,59,59,58.556,51.004,37,37,37,37,37,37,38.313,38.896,39.479,33,33,33,33,33,33,33,33,33,33,51,51,51,51,51.042,53,53,53,53,53,53,53,53,53,53,53,53.4,55,55,56,56,55.614,54,54,54,54,54,54,54,54,54,54,54,52,52,52,52,52,34,34,34,34,34,34,34,34,34,34.298,36.001,42,41.842,38,38,38,38,38,38,45.597,60,60,60,60,60,60,60,60,60,60,38.388,10,10,10,11.505,22,22,24,24,24,24,24,24.23,26,26
0,0,0,23,23,23,23,23,22.966,22.934,31,31,35.274,59,59,59,59,59,59,59,59,59,59,55.096,37,37,37,37,37,37,37,37,38.349,41,41,41,40.635,41,33.675,33,33,33,33,33,33,51,51,51,51,51,53,53,53,53,53,53,53,53,53,53,53,53.254,55,55,56,56,56,54,54,54,54,54,54,54,54,54,54,54,52,52,52,52,52,34,34,34,34,34,34,34,41.121,41.704,42,42,42,41.673,38,38,38,38,38,38,38,38.254,60,60,60,60,60,60,60,60,60,60,60,25.669,27.272,31.925,30.832,24,24,24,24,24,24,24.929,26,26
0,0,0,15.868,23,23,23,23,23,30.896,31,31,31,34.299,59,59,59,59,59,59,59,59,56.828,37,37,37,37,37,37,37,37,37,37,41,41,41,41,41,41,41,34.956,33,33,33,33,51,51,51,51,51,53,53,53,53,53,53,53,53,53,53,53,53.108,55,55,56,56,56,54,54,54,54,54,54,54,54,54,54,54,52,52,52,52,52,34,34,34,34,34,39.944,40.552,42,42,42,42,41.959,38,38,38,38,38,38,38,38,38,38,59.905,60,60,60,60,60,60,60,60,60,32.143,32,32,32,24.184,24,24,24,24,25.424,26.035,26,26
0,0,0,25.971,25.478,23,23,23,23.376,31,31,31,31,31,59,59,59,59,59,59,59,58.352,38.462,37,37,37,37,37,37,37,37,37,37,37.02,41,41,41,41,41,41,41,41,40.969,33,33,51,51,51,51,51,52.992,53,53,53,53,53,53,53,53,53,53,53,55,55,55.977,56,56,54.054,54,54,54,54,54,54,54,54,54,54,52.083,52,52,52,52,34.865,34,37.972,38.767,39.35,42,42,42,42,42,42,38.251,38,38,38,38,38,38,38,38,38,38,38,38,60,60,60,60,60,60,60,43.764,32,32,32,32,24.767,24,24,24,27.595,28,26,26,26
0,0,0,25,27,27,23.057,23,30.122,31,31,31,31,31,31,58.64,59,59,59,59,59,40.871,37,37,37,37,37,37,37,37,37,37,37,37,37.738,40.799,41,41,41,41,41,41,41,41,33.295,49.732,51,51,51,51,52.846,53,53,53,53,53,53,53,53,53,53,54.403,55,55,55.904,56,56,54.199,54,54,54,54,54,54,54,54,54,54,52.229,52,52,52,52,38.82,41.461,42,42,42,42,42,42,42,42,41.637,38,38,38,38,38,38,38,38,38,38,38,38,38,54.306,60,60,60,60,60,46.783,33.655,32,32,32,32,31.998,25.361,24.482,27.46,28,28,26,26,26
0,0,0,25,27,27,27,26.403,30.589,31,31,31,31,31,31,31,59,59,59,59,43.673,37,37,37,37,37,37,37,37,37,37,37,37,37,37,40.48,41,41,41,41,41,41,41,41,41,49.567,51,51,51,51,52.7,53,53,53,53,53,53,53,53,53,53,53.382,55,55,55.831,56,56,54.345,54,54,54,54,54,54,54,54,54,54,52.374,52,52,52,52,43.938,42,42,42,42,42,42,42,42,42,38,38,38,38,38,38,38,38,38,38,38,38,38,38,38,55.005,60,60,60,60,32,32,32,32,32,32,32,28.972,28,28,28,28,26,26,26
0,0,0,25.911,27,27,27,27,30.332,31,31,31,31,31,31,31,56.562,59,59,46.242,37,37,37,37,37,37,37,37,37,37,37,37,37,37,37,37,40.226,41,41,41,41,41,41,41,41,48.838,51,51,51,51,51.05,53,53,53,53,53,53,53,53,53,53,53,55,55,55.759,56,56,54.491,54,54,54,54,54,54,54,54,54,54,52.52,52,52,52,52,44.667,42,42,42,42,42,42,42,42,39.115,38,38,38,38,38,38,38,38,38,38,38,38,38,38,38,38,53.373,60,60,36.385,32,32,32,32,32,32,32,29.263,28,28,28,28,26,26,26
0,0,0,26.533,27,27,27,27,30.04,31,31,31,31,31,31,31,31,55.039,48.577,38.639,37,37,37,37,37,37,37,37,37,37,37,37,37,37,37,37,37.155,41,41,41,41,41,41,41,41,48.109,51,51,51,51,51,53,53,53,53,53,53,53,53,53,53,54.379,55,55,55.686,56,56,54.637,54,54,54,54,54,54,54,54,54,54,52,52,52,52,52,45.396,42,42,42,42,42,42,42,42,38,38,38,38,38,38,38,38,38,38,38,38,38,38,38,38,38,48.094,60,42.55,32,32,32,32,32,32,32,32,29.723,28,28,28,28,26.342,26,26
0,0,0,26.718,27,27,27,27,31,31,31,31,31,31,31,31,31,39.314,37,37,37,37,37,37,37,37,37,37,37,37,37,37,37,37,37,37,37,39.548,41,41,41,41,41,41,41,47.38,51,51,51,51,51,53,53,53,53,53,53,53,53,53,53,54.234,55,55,0.78958,56,56,54.782,54,54,54,54,54,54,54,54,54,54,52,52,52,52,52,46.125,42,42,42,42,42,42,42,39.799,38,38,38,38,38,38,38,38,38,38,38,38,38,38,38,38,38,38,24.133,32,32,32,32,32,32,32,32,32,32,28,28,28,28,27.396,26,26
0,0,0,27,27,27,27,27,31,31,31,31,31,31,31,31,31,31,37,37,37,37,37,37,37,37,37,37,37,37,37,37,37,37,37,37,37,37,39.298,41,41,41,41,41,41,46.651,51,51,51,51,51,53,53,53,53,53,53,53,53,53,53,54.088,55,55,0,56,56,54.928,54,54,54,54,54,54,54,54,54,54,52,52,52,52,52,45.061,42,42,42,42,42,42,40.222,38,38,38,38,38,38,38,38,38,38,38,38,38,38,38,38,38,38,38,35.127,32,32,32,32,32,32,32,32,32,30.138,28,28,28,28,27.477,26,26
0,0,0,27,27,27,40.982,52.667,31,31,31,31,31,32.064,32.356,35,33.906,35.751,37,37,37,37,37,37,37,37,37,37,37,37,37,37,37,37,37,37,37,37,39.006,41,41,41,41,41,41,45.922,51,51,51,51,51.935,53,53,53,53,53,53,53,53,53,53,55,55,31.553,0,56,56,54,54,54,54,54,54,54,54,54,54,53.101,52,52,52,52,52,42,42,42,42,42,42,40.603,38,38,38,38,38,38,38,38,38,38,38,38,38,38,38,38,38,38,38,38,38,23.325,35.164,34.218,32,32,32,32,32,32,43.778,50.526,28,28,28,28,27.231,26
0,0,0,27,27,50.176,61,54.002,41.803,42.678,35,35,35,35,35,35,35.916,37,37,37,37,37,37,37,37,37,37,37,37,37,37,37,37,37,37,37,37,37,37,41,41,41,41,41,41,41,51,51,51,51,51.825,53,53,53,53,53,53,53,53,53,53,55,36.755,0,0,21.996,56,54,54,54,54,54,54,54,54,54,54,52.088,52,52,52,52,48.298,42,42,42,42,42,42,38.501,38,38,38,38,38,38,38,38,38,38,38,38,38,38,38,38,38,38,38,38,38,36,36,36,36,36,35.087,35.379,43.011,40.07,49.391,62,62,34.561,28,28,28,26.791
0,0,0,27,47.652,61,61,44.888,43,39.846,35,35,35,35,35,35,35.77,37,37,37,37,37,37,37,37,37,37,37,37,37,37,37,37,37,37,37,37,37,37,38.193,41,41,41,41,41,41,51,51,51,51,51,53,53,53,53,53,53,53,53,53,53,55,6.1461,0,0,0,51.182,54,54,54,54,54,54,54,54,54,54,52,52,52,52,52,46.972,42,42,42,42,42,41.155,38,38,38,38,38,38,38,38,38,38,38,38,38,38,38,38,38,38,38,38,38,38,37.482,36,36,36,36,36,36,44,44,44,62,62,62,37.117,28,28,28
0,0,0,61,61,61,61,43,43,40.429,35,35,35,35,35,35,35.624,37,37,37,37,37,37,37,37,37,37,37,37,37,37,37,37,37,37,37,37,37,37,37,40.338,41,41,41,41,41,51,51,51,51,51,51.531,53,53,53,53,53,53,53,53,53.507,41.121,0,0,0,0,0,54.299,54,54,54,54,54,54,54,54,54,52,52,52,52,52,42,42,42,42,42,42,38,38,38,38,38,38,38,38,38,38,38,38,38,38,38,38,38,38,38,38,38,38,38,37.779,36,36,36,36,36,36,44,44,44,62,62,62,62,42.454,42.121,28
0,0,0,61,61,61,61,43,43,41.012,35,35,35,35,35,35,37,37,37,37,37,37,37,37,37,37,37,37,37,37,37,37,37,37,37,37,37,37,37,37,37.64,41,41,41,41,41,51,51,51,51,51,51.385,53,53,53,53,53,53,53,53,53.362,0,0,0,0,0,0,46.608,54,54,54,54,54,54,54,54,53.681,52,52,52,52,52,42,42,42,42,42,41.42,38,38,38,38,38,38,38,38,38,38,38,38,38,38,38,38,38,38,38,38,38,38,38,38,36,36,36,36,36,36,44,44,44,62,62,62,62,62,62,28
0,0,0,61,61,61,61,43,43,41.595,35,35,35,35,35,35,37,37,37,37,37,37,37,37,37,37,37,37,37,37,37,37,37,37,37,37,37,37,37,37,37,39.959,41,41,41,41,51,51,51,51,51,51.24,53,53,53,53,53,53,53,53,48.504,0,0,0,0,0,0,0,54,54,54,54,54,54,54,54,52.272,52,52,52,52,52,42,42,42,42,41.83,38,38,38,38,38,38,38,38,38,38,38,38,38,38,38,38,38,38,38,38,38,38,38,38,38,36,36,36,36,36,36,44,44,44,62,62,62,62,62,62,62
0,0,0,61,61,61,61,43,43,43,35,35,35,35,35,35,37,37,37,37,37,37,37,37,37,37,37,37,37,37,37,37,37,37,37,37,37,37,37,37,37,37,41,41,41,41,41.536,51,51,51,51,51.091,53,53,53,53,53,53,53,51.852,0,0,0,0,0,0,0,0,39.598,54,54,54,54,54,54,54,52,52,52,52,52,52,42,42,42,42,41.998,38,38,38,38,38,38,38,38,38,38,38,38,38,38,38,38,38,38,38,38,38,38,38,38,38,36.068,36,36,36,36,36,43.664,44,44,61.172,62,62,62,62,62,62
0,0,0,61,61,61,61,43,43,43,35,35,35,35,35,35.018,37,37,37,37,37,37,37,37,37,37,37,37,37,37,37,37,37,37,37,37,37,37,37,37,37,37,37,40.973,41,41,41,51,51,51,51,51,52.752,53,53,53,53,53,53,21.881,0,0,0,0,0,0,0,0,0,51.309,54,54,54,54,54,54,52.118,52,52,52,52,52,42,42,42,42,38.122,38,38,38,38,38,38,38,38,38,38,38,38,38,38,38,38,38,38,38,38,38,38,38,38,38,36.214,36,36,36,36,36,43.081,44,44,59.86,62,62,62,62,62,62
0,0,0,0,61,61,61,57.858,43,43,35.355,35,35,35,35,35,37,37,37,37,37,37,37,37,37,37,37,37,37,37,37,37,37,37,37,37,37,37,37,37,37,37,37,40.647,41,41,41,51,51,51,51,51,51,53,53,53,53,53,53,0,0,0,0,0,0,0,0,0,0,0,51.255,54,54,54,54,54,52.264,52,52,52,52,52,42,42,42,38.576,38,38,38,38,38,38,38,38,38,38,38,38,38,38,38,38,38,38,38,38,38,38,38,38,38,38,36.36,36,36,36,36,36,42.498,44,44,58.548,62,62,62,62,62,62
0,0,0,0,61,61,61,61,43,43,35.938,35,35,35,35,35,37,37,37,37,37,37,37,37,37,37,37,37,37,37,37,37,37,37,37,37,37,37,37,37,37,37,37,38.877,41,41,41,51,51,51,51,51,51,53,53,53,53,53,4.471,0,0,0,0,0,0,0,0,0,0,0,25.651,54,54,54,54,54,52,52,52,52,52,52,42,42,40.654,38.432,38,38,38,38,38,38,38,38,38,38,38,38,38,38,38,38,38,38,38,38,38,38,38,38,38,38,36.505,36,36,36,36,36,41.914,44,44,55.758,58.824,62,62,62,62,62
0,0,0,0,61,52.251,45,45,43,43,36.521,35,35,35,35,35,37,37,37,37,37,37,37,37,37,37,37,37,37,37,37,37,37,37,37,37,37,37,37,37,37,37,37,37,40.059,41,41,51,51,51,51,51,51,53,53,53,53,7.2321,0,0,0,0,0,0,0,0,0,0,0,0,0,39.359,54,54,54,54,52,52,52,52,52,52,42,42,39.154,38,38,38,38,38,38,38,38,38,38,38,38,38,38,38,38,38,38,38,38,38,38,38,38,38,38,38,36.651,36,36,36,36,36,41.331,44,44,45.409,46,53.706,60.126,62,62,62
0,0,0,0,45,45,45,45,43,43,43,35,35,35,35,35,37,37,37,37,37,37,37,37,37,37,37,37,37,37,37,37,37,37,37,37,37,37,37,37,37,37,37,37,37,41,41,51,51,51,51,51,51,53,53,53,32.571,0,0,0,0,0,0,0,0,0,0,0,0,0,0,0,43.713,54,54,52.998,52,52,52,52,52,52,42,41.095,38,38,38,38,38,38,38,38,38,38,38,38,38,38,38,38,38,38,38,38,38,38,38,38,38,38,38,38,36.797,36,36,36,36,36,40.748,44,44,46,46,46,46,51.473,58.748,62
0,0,0,0,45,45,45,45,43,43,43,35,35,35,35,35,36.312,37,37,37,37,37,37,37,37,37,37,37,37,37,37,37,37,37,37,37,37,37,37,37,37,37,37,37,37,39.471,41,51,51,51,51,51,51,53,45.348,14.443,0,0,0,0,0,0,0,0,0,0,0,0,0,0,0,0,0,31.344,54,52.844,52,52,52,52,52,52,42,39.122,38,38,38,38,38,38,38,38,38,38,38,38,38,38,38,38,38,38,38,38,38,38,38,38,38,38,38,38,36.943,36,36,36,36,36,44,44,44.05,46,46,46,46,46,46,57.606
0,0,0,0,45,45,45,45,43,43,43,35,35,35,35,35,36.167,37,37,37,37,37,37,37,37,37,37,37,37,37,37,37,37,37,37,37,37,37,37,37,37,37,37,37,37,37,39.806,51,51,51,51,51,51.098,44.3,0,0,0,0,0,0,0,0,0,0,0,0,0,0,0,0,0,0,0,0,8.3452,33.072,52,52,52,52,52,50.982,39.457,38,38,38,38,38,38,38,38,38,38,38,38,38,38,38,38,38,38,38,38,38,38,38,38,38,38,38,38,38,36,36,36,36,36,39.593,44,44,44.943,46,46,46,46,46,46,25.953
0,0,0,0,45,45,45,45,43.958,43,42.881,35,35,35,35,35,36.477,37,37,37,37,37,37,37,37,37,37,37,37,37,37,37,37,37,37,37,37,37,37,37,37,37,37,37,37,37,43.588,51,51,51,51,50.597,25.922,0,0,0,0,0,0,0,0,0,0,0,0,0,0,0,0,0,0,0,0,0,0,5.4525,27.157,52,52,52,52,44.134,38,38,38,38,38,38,38,38,38,38,38,38,38,38,38,38,38,38,38,38,38,38,38,38,38,38,38,38,38,38,36,36,36,36,36,43.139,44,44,46,46,46,46,46,46,46,0
0,0,0,0,45,45,45,45,45,44.056,39.589,35,35,35,35,35,36.477,37,37,37,37,37,37,37,37,37,37,37,37,37,37,37,37,37,37,37,37,37,37,37,37,37,37,37,37,37,42.567,51,51,51,51,0,0,0,0,0,0,0,0,0,0,0,0,0,0,0,0,0,0,0,0,0,0,0,0,0,8.6411,52,52,52,52,48.078,38,38,38,38,38,38,38,38,38,38,38,38,38,38,38,38,38,38,38,38,38,38,38,38,38,38,38,38,38,38,36,36,36,36,36,44,44.543,46,46,46,46,46,46,46,16.883,0
0,0,0,0,45,45,45,45,45,45,45,41.434,35,35,35,35,35.729,37,37,37,37,37,37,37,37,37,37,37,37,37,37,37,37,37,37,37,37,37,37,37,37,37,37,37,37,37,47.691,51,51,51,2.0301,0,0,0,0,0,0,0,0,0,0,0,0,0,0,0,0,0,0,0,0,0,0,0,0,0,0,1.3876,52,52,52,52,38,38,38,38,38,38,38,38,38,38,38,38,38,38,38,38,38,38,38,38,38,38,38,38,38,38,38,38,38,38,36,36,36,36,36,46,46,46,46,46,46,46,42.593,21.252,0,0
0,0,0,0,45,45,45,45,45,45,45,43.21,38.014,35.686,35,35,35.583,37,37,37,37,37,37,37,37,37,37,37,37,37,37,37,37,37,37,37,37,37,37,37,37,37,37,37,37,37,51,51,40.903,0,0,0,0,0,0,0,0,0,0,0,0,0,0,0,0,0,0,0,0,0,0,0,0,0,0,0,0,0,0,10.236,52,52,41.815,38,38,38,38,38,38,38,38,38,38,38,38,38,38,38,38,38,38,38,38,38,38,38,38,38,38,38,38,37.872,36,36,36,38.711,46,46,46,46,46,46,46,44.206,26.108,0,0,0
0,0,0,0,4.3725,45,45,45,45,45,45,43.647,39,39,35.981,35,35.438,37,37,37,37,37,37,37,37,37,37,37,37,37,37,37,37,37,37,37,37,37,37,37,37,37,37,37,37,51,51,44.474,0,0,0,0,0,0,0,0,0,0,0,0,0,0,0,0,0,0,0,0,0,0,0,0,0,0,0,0,0,0,0,0,6.0866,43.056,52,42.817,38,38,38,38,38,38,38,38,38,38,38,38,38,38,38,38,38,38,38,38,38,38,38,38,38,38,38,37.116,36,36,38.554,40,46,46,46,46,46,46,46,31.454,0,0,0,0
0,0,0,0,0,20.155,45,45,45,45,45,44.084,39,39,39,38.639,36.861,37,37,37,37,37,37,37,37,37,37,37,37,37,37,37,37,37,37,37,37,37,37,37,37,37,37,42.983,28.264,51,16.139,0,0,0,0,0,0,0,0,0,0,0,0,0,0,0,0,0,0,0,0,0,0,0,0,0,0,0,0,0,0,0,0,0,0,0,37.969,34.179,43.818,44.467,38,38,38,38,38,38,38,38,38,38,38,38,38,38,38,38,38,38,38,38,38,38,38,38,38,36.03,37.825,40,40,40,41.572,46,46,46,46,46,37.481,0,0,0,0,0
0,0,0,0,0,0,45,45,45,45,45,44.522,39,39,39,39,38.921,37,37,37,37,37,37,37,37,37,37,37,37,37,37,37,37,37,37,37,37,37,37,37,37,40.923,24.284,29.274,0,0,0,0,0,0,0,0,0,0,0,0,0,0,0,0,0,0,0,0,0,0,0,0,0,0,0,0,0,0,0,0,0,0,0,0,0,0,0,0,29.933,26.668,38,38,38,38,38,38,38,38,38,38,38,38,38,38,38,38,38,38,38,38,38,38,38,38,38,39.934,40,40,40,40,40,46,46,46,46,41.234,2.5429,0,0,0,0,0
0,0,0,0,0,0,0,9.4005,45,45,45,45,39.986,39,39,39,39,39,37,37,37,37,37,37,37,37,37,37,37,37,37,37,37,37,37,37,37,37,37.819,32.28,40.141,1.214,0,0,0,0,0,0,0,0,0,0,0,0,0,0,0,0,0,0,0,0,0,0,0,0,0,0,0,0,0,0,0,0,0,0,0,0,0,0,0,0,0,0,0,0,20.818,43.751,38.941,38,38,38,38,38,38,38,38,38,38,38,38,38,38,38,38,38,38,38,38,38,39.827,40,40,40,40,40,45.204,46,46,46,44.542,0,0,0,0,0,0,0
